{"stats":{"minecraft:used":{"minecraft:writable_book":1,"minecraft:chest":11,"minecraft:shield":59,"minecraft:iron_sword":676,"minecraft:rotten_flesh":1,"minecraft:iron_chestplate":4,"minecraft:mutton":6,"minecraft:carrot":8,"mythicmounts:firebird_feather3":5,"minecraft:iron_helmet":5,"minecraft:bow":16,"minecraft:hay_block":2,"minecraft:furnace":1,"minecraft:dark_oak_stairs":1,"minecraft:stone_pickaxe":22,"minecraft:mangrove_planks":3,"minecraft:oak_planks":247,"minecraft:wooden_pickaxe":17,"minecraft:white_wool":2,"minecraft:golden_apple":1,"minecraft:stripped_mangrove_wood":3,"minecraft:dark_oak_trapdoor":1,"minecraft:crossbow":3,"minecraft:bread":53,"minecraft:stone_button":1,"minecraft:stripped_oak_wood":3,"minecraft:andesite":3,"minecraft:oak_boat":1,"minecraft:netherite_sword":2,"minecraft:stone_sword":154,"minecraft:flint_and_steel":6,"minecraft:redstone":1,"minecraft:spruce_planks":7,"minecraft:torch":75,"minecraft:dirt":7,"simplyswords:tainted_relic":3,"minecraft:iron_axe":154,"minecraft:iron_boots":3,"minecraft:light_gray_wool":3,"minecraft:golden_carrot":2,"minecraft:acacia_planks":26,"minecraft:iron_leggings":8,"minecraft:beetroot_soup":1,"minecraft:water_bucket":3,"minecraft:birch_planks":74,"minecraft:crafting_table":11,"minecraft:painting":6,"minecraft:cake":2,"minecraft:diamond_pickaxe":30,"minecraft:suspicious_stew":3,"minecraft:iron_pickaxe":31,"minecraft:cobblestone":4,"minecraft:potion":2,"minecraft:porkchop":1,"minecraft:bucket":3,"minecraft:yellow_bed":9,"minecraft:pumpkin_pie":14,"minecraft:wither_rose":1,"minecraft:sea_pickle":6,"minecraft:gray_wool":1,"minecraft:diamond_leggings":3,"minecraft:splash_potion":1},"minecraft:picked_up":{"minecraft:iron_chestplate":12,"minecraft:wheat":153,"minecraft:redstone_block":4,"packedup:basicbackpack":5,"minecraft:stone_slab":1,"minecraft:wither_rose":3,"minecraft:potion":7,"minecraft:dark_oak_trapdoor":1,"minecraft:iron_leggings":15,"minecraft:beetroot_soup":1,"minecraft:sticky_piston":10,"minecraft:sea_pickle":24,"minecraft:diamond_leggings":3,"minecraft:gold_nugget":106,"minecraft:bucket":3,"minecraft:spruce_planks":7,"minecraft:calcite":4,"minecraft:iron_pickaxe":7,"minecraft:coal_block":5,"minecraft:furnace":3,"minecraft:iron_boots":12,"minecraft:stick":16,"minecraft:jukebox":3,"minecraft:torch":11,"minecraft:acacia_log":25,"minecraft:spruce_stairs":4,"minecraft:porkchop":20,"minecraft:golden_chestplate":1,"minecraft:stone_sword":3,"minecraft:rotten_flesh":199,"artifacts:villager_hat":2,"minecraft:obsidian":2,"minecraft:iron_bars":2,"minecraft:cobblestone":102,"minecraft:birch_log":11,"minecraft:magma_block":2,"minecraft:andesite":15,"minecraft:brown_wool":1,"minecraft:potato":19,"minecraft:gray_concrete":5,"minecraft:dirt":12,"minecraft:bone":107,"minecraft:acacia_planks":97,"minecraft:bow":1,"minecraft:wheat_seeds":220,"minecraft:oak_planks":159,"patchouli:guide_book":3,"minecraft:fermented_spider_eye":3,"minecraft:diamond":7,"minecraft:writable_book":1,"minecraft:crossbow":7,"minecraft:golden_apple":7,"soulsweapons:verglas":2,"minecraft:bread":264,"minecraft:emerald":87,"minecraft:oak_sapling":11,"minecraft:dark_oak_fence":2,"minecraft:crimson_roots":2,"minecraft:crafting_table":3,"minecraft:splash_potion":1,"minecraft:nether_wart":1,"minecraft:leather_leggings":1,"minecraft:redstone_lamp":1,"minecraft:gold_block":2,"minecraft:shield":5,"minecraft:iron_axe":1,"minecraft:item_frame":6,"minecraft:cyan_carpet":44,"minecraft:beef":15,"minecraft:oak_boat":2,"minecraft:player_head":2,"mythicmounts:firebird_feather":2,"minecraft:poppy":4,"minecraft:light_gray_wool":4,"minecraft:sugar_cane":5,"minecraft:chest":6,"minecraft:birch_sapling":2,"minecraft:phantom_membrane":2,"minecraft:raw_iron":6,"minecraft:stripped_mangrove_wood":5,"minecraft:spruce_fence":3,"minecraft:stone_button":2,"minecraft:redstone":2,"minecraft:carrot":11,"minecraft:dark_oak_planks":19,"minecraft:arrow":53,"artifacts:cowboy_hat":1,"minecraft:pumpkin_pie":41,"minecraft:hay_block":57,"artifacts:cross_necklace":2,"minecraft:glistering_melon_slice":30,"minecraft:saddle":8,"minecraft:gold_ingot":44,"artifacts:pocket_piston":2,"minecraft:mutton":7,"minecraft:white_wool":5,"minecraft:golden_carrot":18,"minecraft:leather":8,"minecraft:birch_planks":151,"minecraft:oak_log":103,"minecraft:yellow_bed":10,"minecraft:gunpowder":8,"mythicmounts:firebird_feather3":15,"minecraft:light_blue_banner":5,"minecraft:apple":14,"minecraft:gray_carpet":15,"minecraft:iron_ingot":42,"minecraft:stone_pickaxe":5,"minecraft:stripped_oak_wood":3,"minecraft:glass_bottle":7,"minecraft:mangrove_planks":1,"minecraft:iron_sword":5,"minecraft:dark_oak_stairs":1,"minecraft:book":349,"minecraft:red_banner":2,"minecraft:blast_furnace":1,"graveyard:middle_bone_staff":2,"minecraft:spider_eye":1,"minecraft:iron_helmet":12,"minecraft:painting":6,"minecraft:gray_wool":2,"minecraft:coal":13,"minecraft:black_wool":1,"minecraft:stripped_dark_oak_log":1},"minecraft:custom":{"minecraft:interact_with_crafting_table":42,"minecraft:open_barrel":72,"minecraft:eat_cake_slice":12,"minecraft:leave_game":2,"minecraft:time_since_death":63279,"minecraft:sprint_one_cm":631478,"minecraft:damage_blocked_by_shield":1970,"minecraft:drop":187,"minecraft:talked_to_villager":1,"minecraft:play_time":313301,"minecraft:deaths":26,"minecraft:jump":4157,"minecraft:interact_with_brewingstand":1,"minecraft:walk_on_water_one_cm":69976,"minecraft:interact_with_furnace":13,"minecraft:sleep_in_bed":19,"minecraft:damage_dealt":30374,"minecraft:player_kills":2,"minecraft:crouch_one_cm":43876,"minecraft:horse_one_cm":1443250,"minecraft:mob_kills":107,"minecraft:inspect_hopper":6,"minecraft:climb_one_cm":26999,"minecraft:walk_one_cm":519634,"minecraft:sneak_time":23524,"minecraft:walk_under_water_one_cm":30136,"minecraft:boat_one_cm":29978,"minecraft:interact_with_blast_furnace":13,"minecraft:total_world_time":313301,"minecraft:tune_noteblock":6,"minecraft:time_since_rest":52984,"minecraft:damage_taken":14653,"minecraft:damage_absorbed":40,"minecraft:swim_one_cm":48946,"minecraft:fly_one_cm":865794,"minecraft:open_chest":186,"minecraft:fall_one_cm":160756},"minecraft:broken":{"minecraft:iron_sword":2,"minecraft:stone_sword":1,"minecraft:shield":1},"minecraft:crafted":{"minecraft:oak_planks":372,"packedup:ironbackpack":1,"minecraft:diamond_helmet":1,"minecraft:diamond_leggings":1,"minecraft:iron_boots":1,"minecraft:chest":7,"minecraft:crafting_table":8,"minecraft:wooden_pickaxe":1,"minecraft:gold_block":9,"minecraft:birch_planks":44,"minecraft:iron_chestplate":1,"minecraft:diamond_pickaxe":1,"minecraft:shield":2,"minecraft:stick":36,"minecraft:iron_ingot":6,"minecraft:iron_pickaxe":2,"minecraft:stone_sword":2,"minecraft:gold_ingot":20,"minecraft:coal":45,"minecraft:iron_axe":2,"minecraft:stone_pickaxe":1,"minecraft:wheat":387,"minecraft:iron_sword":1,"minecraft:mangrove_planks":8,"minecraft:bread":120,"minecraft:air":0,"minecraft:oak_boat":1,"minecraft:iron_leggings":1,"minecraft:acacia_planks":100,"packedup:goldbackpack":1,"minecraft:torch":64,"minecraft:diamond_chestplate":1},"minecraft:mined":{"minecraft:dark_oak_planks":3,"minecraft:obsidian":2,"minecraft:acacia_log":25,"minecraft:grass_block":2,"minecraft:coal_block":5,"graveyard:skull_on_pike":4,"minecraft:spawner":9,"minecraft:magma_block":2,"minecraft:dark_oak_trapdoor":1,"minecraft:fire":6,"minecraft:iron_ore":6,"minecraft:sticky_piston":8,"minecraft:dark_oak_stairs":1,"minecraft:iron_bars":2,"minecraft:stripped_mangrove_wood":5,"minecraft:piston_head":2,"graveyard:middle_bone_staff":1,"minecraft:torch":1,"minecraft:blast_furnace":1,"minecraft:calcite":4,"minecraft:chest":6,"minecraft:cobblestone":4,"graveyard:skeleton_hand":1,"graveyard:lying_skeleton":2,"minecraft:sugar_cane":1,"minecraft:oak_planks":41,"minecraft:wall_torch":10,"minecraft:seagrass":2,"minecraft:cyan_wool":1,"minecraft:nether_wart_block":1,"minecraft:birch_log":11,"minecraft:wheat":36,"graveyard:skull_pile":2,"minecraft:wither_rose":2,"minecraft:grass":13,"minecraft:oak_log":93,"minecraft:dirt":8,"minecraft:oak_leaves":32,"minecraft:redstone_lamp":1,"soulsweapons:verglas_ore":1,"graveyard:torso_pile":2,"minecraft:stone_button":1,"minecraft:spruce_fence":1,"minecraft:crimson_roots":1,"minecraft:redstone_wire":2,"minecraft:hay_block":43,"minecraft:furnace":3,"minecraft:andesite":8,"mythicmounts:firebird_feather3":3,"minecraft:gold_block":3,"minecraft:bookshelf":29,"minecraft:stone":20,"minecraft:white_wool":2,"minecraft:redstone_block":4,"minecraft:gray_concrete":5,"graveyard:laterally_lying_skeleton":2,"minecraft:crafting_table":3,"minecraft:stone_slab":1,"minecraft:tall_grass":2,"minecraft:gray_wool":1,"minecraft:birch_planks":1,"graveyard:skull_with_rib_cage":3,"minecraft:sea_pickle":1,"minecraft:birch_leaves":3,"minecraft:mangrove_planks":1,"minecraft:yellow_bed":7,"minecraft:cyan_carpet":14,"graveyard:leaning_skeleton":2,"minecraft:gray_carpet":4,"minecraft:fern":1},"minecraft:killed":{"graveyard:skeleton_creeper":1,"minecraft:skeleton":11,"minecraft:pig":10,"minecraft:iron_golem":3,"minecraft:sheep":5,"minecraft:pillager":5,"minecraft:zombie":1,"minecraft:cow":6,"minecraft:phantom":5,"minecraft:drowned":2,"minecraft:husk":54,"minecraft:player":2},"minecraft:killed_by":{"minecraft:zombie_villager":1,"minecraft:wither_skeleton":5,"minecraft:creeper":1,"minecraft:pillager":3,"graveyard:skeleton_creeper":1,"minecraft:witch":3,"minecraft:husk":2,"minecraft:player":1,"minecraft:skeleton":3},"minecraft:dropped":{"mythicmounts:summoning_staff":1,"minecraft:birch_planks":6,"minecraft:oak_log":10,"minecraft:glass_bottle":4,"minecraft:diamond":10,"minecraft:crossbow":1,"minecraft:leather":8,"minecraft:iron_horse_armor":1,"minecraft:saddle":2,"minecraft:item_frame":2,"minecraft:gold_block":5,"minecraft:gray_concrete":1,"minecraft:stone_button":1,"minecraft:cornflower":1,"minecraft:mutton":1,"minecraft:crimson_roots":2,"minecraft:writable_book":1,"minecraft:gold_nugget":7,"minecraft:phantom_membrane":3,"minecraft:iron_pickaxe":1,"minecraft:light_blue_banner":1,"minecraft:dark_oak_planks":19,"minecraft:white_wool":2,"minecraft:cyan_carpet":15,"artifacts:cowboy_hat":1,"minecraft:gold_ingot":5,"minecraft:bone":2,"minecraft:sugar_cane":2,"minecraft:golden_chestplate":3,"minecraft:birch_sapling":2,"minecraft:netherite_sword":1,"minecraft:wheat":4,"minecraft:stripped_dark_oak_log":1,"minecraft:rotten_flesh":75,"artifacts:villager_hat":1,"minecraft:oak_planks":145,"patchouli:guide_book":1,"minecraft:poppy":4,"minecraft:leather_chestplate":1,"minecraft:leather_leggings":1,"minecraft:iron_ingot":23,"minecraft:bread":45,"minecraft:wheat_seeds":176,"mythicmounts:firebird_feather":2,"minecraft:iron_helmet":1,"minecraft:cobblestone":70,"minecraft:spruce_stairs":2,"minecraft:coal":24,"minecraft:stick":4,"simplyswords:tainted_relic":1,"minecraft:diamond_helmet":1,"minecraft:fire_charge":1,"minecraft:potion":1,"minecraft:iron_leggings":4,"minecraft:bucket":1,"minecraft:gray_carpet":5,"packedup:basicbackpack":1,"minecraft:nether_wart":2,"minecraft:stone_sword":4,"minecraft:bowl":3,"graveyard:middle_bone_staff":1,"minecraft:red_banner":1,"minecraft:iron_boots":3,"mythicmounts:firebird_feather3":9,"minecraft:potato":8,"minecraft:diamond_chestplate":1,"artifacts:running_shoes":1,"minecraft:iron_chestplate":1,"minecraft:oak_sapling":7,"minecraft:oak_boat":2,"artifacts:pocket_piston":2,"minecraft:spider_eye":1,"minecraft:stone_pickaxe":1,"minecraft:wooden_pickaxe":1,"minecraft:calcite":4,"minecraft:black_wool":1}},"DataVersion":3465}