{"stats":{"minecraft:picked_up":{"minecraft:iron_chestplate":2,"minecraft:wheat":14,"packedup:basicbackpack":2,"minecraft:leather_leggings":1,"minecraft:gold_block":5,"minecraft:potion":2,"minecraft:shield":1,"minecraft:jungle_trapdoor":3,"minecraft:string":4,"minecraft:dark_oak_trapdoor":1,"minecraft:iron_leggings":4,"minecraft:item_frame":2,"minecraft:cyan_carpet":4,"minecraft:spruce_planks":5,"minecraft:beef":17,"minecraft:oak_boat":2,"mythicmounts:firebird_feather":2,"minecraft:player_head":3,"minecraft:iron_pickaxe":2,"minecraft:light_gray_wool":2,"minecraft:melon_slice":112,"minecraft:sugar_cane":1,"minecraft:chest":2,"minecraft:birch_sapling":1,"minecraft:phantom_membrane":1,"minecraft:egg":7,"minecraft:iron_boots":4,"minecraft:furnace":1,"minecraft:stripped_mangrove_wood":1,"minecraft:stick":26,"minecraft:jukebox":2,"minecraft:oak_fence":2,"minecraft:bowl":2,"minecraft:spruce_stairs":1,"minecraft:spruce_fence":6,"minecraft:porkchop":4,"minecraft:carrot":1,"minecraft:iron_horse_armor":1,"minecraft:dark_oak_planks":22,"artifacts:cowboy_hat":1,"minecraft:stone_sword":2,"minecraft:arrow":9,"minecraft:diamond_chestplate":1,"minecraft:rotten_flesh":31,"artifacts:villager_hat":2,"minecraft:peony":2,"minecraft:hay_block":59,"minecraft:gold_ingot":5,"artifacts:running_shoes":2,"artifacts:pocket_piston":1,"minecraft:saddle":1,"minecraft:mutton":9,"minecraft:white_wool":7,"minecraft:cobblestone":8,"minecraft:oxeye_daisy":1,"minecraft:birch_log":9,"minecraft:leather_chestplate":1,"minecraft:leather":16,"minecraft:brown_wool":2,"minecraft:potato":17,"minecraft:oak_log":47,"minecraft:yellow_bed":11,"mythicmounts:firebird_feather3":13,"minecraft:gray_concrete":10,"minecraft:paper":2,"minecraft:dirt":66,"minecraft:white_banner":2,"minecraft:bone":46,"minecraft:apple":21,"minecraft:light_blue_banner":3,"minecraft:gray_carpet":1,"minecraft:wheat_seeds":89,"minecraft:iron_ingot":26,"minecraft:stone_pickaxe":3,"minecraft:diamond_helmet":1,"minecraft:cyan_candle":3,"minecraft:glass_bottle":2,"minecraft:acacia_sapling":3,"minecraft:iron_sword":2,"minecraft:oak_planks":227,"minecraft:book":173,"patchouli:guide_book":2,"minecraft:sand":1,"minecraft:red_banner":3,"graveyard:middle_bone_staff":1,"minecraft:spider_eye":2,"minecraft:polished_andesite":2,"minecraft:sugar":1,"minecraft:diamond":14,"minecraft:writable_book":1,"minecraft:iron_helmet":6,"minecraft:bread":32,"minecraft:melon_seeds":1,"minecraft:oak_sapling":16,"minecraft:black_wool":1,"minecraft:stripped_dark_oak_log":2,"minecraft:coal":29},"minecraft:used":{"minecraft:peony":1,"minecraft:writable_book":2,"minecraft:stone_sword":45,"minecraft:spruce_planks":5,"minecraft:chest":1,"minecraft:shield":9,"minecraft:iron_sword":250,"minecraft:rotten_flesh":2,"minecraft:iron_chestplate":3,"minecraft:dirt":48,"minecraft:mutton":9,"minecraft:carrot":6,"minecraft:diamond_helmet":1,"minecraft:jungle_trapdoor":1,"minecraft:dark_oak_planks":5,"minecraft:wooden_axe":87,"mythicmounts:firebird_feather3":5,"minecraft:iron_axe":2,"minecraft:iron_helmet":4,"minecraft:iron_boots":4,"minecraft:diamond_chestplate":1,"minecraft:golden_sword":18,"minecraft:beef":2,"minecraft:egg":7,"minecraft:potato":1,"minecraft:iron_leggings":4,"minecraft:wheat_seeds":2,"minecraft:leather_leggings":1,"minecraft:stone_pickaxe":27,"minecraft:oak_planks":116,"minecraft:white_wool":3,"minecraft:stripped_mangrove_wood":1,"minecraft:sand":1,"minecraft:crafting_table":5,"minecraft:gray_concrete":5,"minecraft:apple":7,"minecraft:melon_slice":42,"minecraft:bread":33,"mythicmounts:firebird_feather":2,"minecraft:cobblestone":8,"minecraft:potion":1,"minecraft:porkchop":3,"minecraft:yellow_bed":9,"minecraft:oak_boat":1,"minecraft:diamond_leggings":1},"minecraft:custom":{"minecraft:interact_with_smithing_table":1,"minecraft:mob_kills":60,"minecraft:interact_with_crafting_table":41,"minecraft:open_barrel":55,"minecraft:eat_cake_slice":7,"minecraft:leave_game":1,"minecraft:time_since_death":74637,"minecraft:climb_one_cm":13822,"minecraft:sprint_one_cm":390762,"minecraft:walk_one_cm":724231,"minecraft:damage_blocked_by_shield":260,"minecraft:drop":174,"minecraft:play_noteblock":5,"minecraft:talked_to_villager":1,"minecraft:play_time":313595,"minecraft:deaths":8,"minecraft:sneak_time":8137,"minecraft:walk_under_water_one_cm":22685,"minecraft:boat_one_cm":110487,"minecraft:jump":2149,"minecraft:interact_with_blast_furnace":2,"minecraft:walk_on_water_one_cm":42433,"minecraft:total_world_time":313595,"minecraft:interact_with_furnace":1,"minecraft:interact_with_cartography_table":1,"minecraft:tune_noteblock":116,"minecraft:sleep_in_bed":17,"minecraft:time_since_rest":52941,"minecraft:damage_taken":5038,"minecraft:damage_dealt":15572,"minecraft:swim_one_cm":30561,"minecraft:fly_one_cm":285774,"minecraft:player_kills":1,"minecraft:open_chest":57,"minecraft:crouch_one_cm":15627,"minecraft:fall_one_cm":47699,"minecraft:horse_one_cm":848429},"minecraft:broken":{"minecraft:iron_sword":1,"minecraft:wooden_axe":2},"minecraft:crafted":{"minecraft:oak_planks":146,"packedup:ironbackpack":1,"minecraft:diamond_leggings":1,"minecraft:iron_boots":1,"minecraft:chest":2,"packedup:basicbackpack":3,"minecraft:wheat":414,"minecraft:crafting_table":5,"minecraft:iron_helmet":1,"minecraft:iron_sword":2,"minecraft:bucket":1,"minecraft:birch_planks":36,"minecraft:bread":144,"minecraft:oak_boat":1,"minecraft:iron_chestplate":1,"minecraft:shield":2,"minecraft:stick":16,"minecraft:wooden_axe":2,"minecraft:stone_sword":1,"minecraft:gold_ingot":9,"minecraft:iron_leggings":1,"packedup:goldbackpack":1},"minecraft:mined":{"minecraft:dark_oak_planks":14,"graveyard:torso_pile":2,"minecraft:spruce_planks":5,"minecraft:spruce_fence":1,"minecraft:grass_block":22,"mythicmounts:firebird_feather":1,"minecraft:oxeye_daisy":1,"minecraft:spawner":4,"minecraft:hay_block":59,"minecraft:light_blue_wall_banner":1,"minecraft:carrots":1,"minecraft:dark_oak_trapdoor":1,"mythicmounts:firebird_feather3":3,"minecraft:peony":1,"minecraft:bookshelf":38,"minecraft:stone":4,"minecraft:stripped_mangrove_wood":1,"minecraft:player_head":2,"minecraft:gray_concrete":10,"graveyard:laterally_lying_skeleton":1,"minecraft:red_banner":1,"minecraft:oak_fence":2,"minecraft:melon":8,"minecraft:chest":2,"minecraft:tall_grass":5,"minecraft:oak_planks":40,"minecraft:light_blue_banner":1,"minecraft:spruce_stairs":1,"minecraft:birch_planks":2,"minecraft:birch_log":8,"minecraft:wheat":2,"minecraft:jukebox":1,"minecraft:birch_leaves":19,"minecraft:yellow_bed":11,"minecraft:white_wall_banner":2,"minecraft:grass":23,"minecraft:oak_log":39,"minecraft:cyan_carpet":1,"minecraft:sand":1,"graveyard:leaning_skeleton":1,"minecraft:dirt":14,"minecraft:gray_carpet":1,"minecraft:cyan_candle":1,"minecraft:oak_leaves":19,"graveyard:bone_remains":1},"minecraft:killed":{"minecraft:witch":3,"minecraft:spider":1,"minecraft:skeleton":11,"minecraft:husk":11,"minecraft:pig":3,"minecraft:zombie_villager":1,"minecraft:sheep":6,"minecraft:pillager":4,"minecraft:zombie":7,"minecraft:wither_skeleton":1,"minecraft:player":1,"minecraft:cow":7},"minecraft:killed_by":{"minecraft:zombie_villager":1,"minecraft:player":2,"minecraft:wither_skeleton":1,"minecraft:skeleton":2},"minecraft:dropped":{"minecraft:iron_sword":1,"minecraft:wheat_seeds":83,"minecraft:oak_log":10,"minecraft:glass_bottle":1,"minecraft:diamond":7,"minecraft:oak_fence":1,"minecraft:iron_helmet":3,"minecraft:apple":7,"minecraft:saddle":1,"minecraft:stick":2,"minecraft:item_frame":1,"minecraft:polished_andesite":2,"minecraft:oxeye_daisy":1,"minecraft:dirt":14,"minecraft:iron_leggings":1,"minecraft:iron_pickaxe":2,"minecraft:paper":4,"minecraft:bucket":1,"minecraft:white_wool":2,"artifacts:cowboy_hat":1,"packedup:basicbackpack":2,"minecraft:bowl":2,"graveyard:middle_bone_staff":1,"minecraft:birch_sapling":1,"minecraft:wheat":6,"minecraft:beetroot":3,"minecraft:stripped_dark_oak_log":2,"minecraft:rotten_flesh":11,"minecraft:oak_planks":76,"minecraft:iron_boots":1,"mythicmounts:firebird_feather3":1,"minecraft:jungle_trapdoor":2,"minecraft:spruce_fence":4,"patchouli:guide_book":1,"minecraft:peony":1,"minecraft:melon_seeds":1,"minecraft:yellow_bed":1,"minecraft:acacia_sapling":3,"minecraft:oak_sapling":13,"minecraft:black_wool":1}},"DataVersion":3465}